{
    "nodes": [
      {
        "parameters": {
          "path": "whatsapp-mensaje",
          "method": "POST",
          "responseMode": "onReceived"
        },
        "id": "WebhookStart",
        "name": "Webhook",
        "type": "n8n-nodes-base.webhook",
        "typeVersion": 1,
        "position": [200, 200]
      },
      {
        "parameters": {
          "functionCode": "return [\n  {\n    json: {\n      number: `${$json[\"number\"]}@c.us`,\n      message: `Hola! Recibimos tu mensaje: \"${$json[\"message\"]}\"`\n    }\n  }\n];"
        },
        "id": "CreateResponse",
        "name": "Crear respuesta",
        "type": "n8n-nodes-base.function",
        "typeVersion": 1,
        "position": [450, 200]
      },
      {
        "parameters": {
          "url": "http://localhost:3000/reply",
          "method": "POST",
          "responseFormat": "json",
          "jsonParameters": true,
          "bodyParametersJson": "{\n  \"number\": \"{{ $json.number }}\",\n  \"message\": \"{{ $json.message }}\"\n}"
        },
        "id": "SendReplyToBot",
        "name": "Enviar a WhatsApp Bot",
        "type": "n8n-nodes-base.httpRequest",
        "typeVersion": 1,
        "position": [700, 200]
      }
    ],
    "connections": {
      "WebhookStart": {
        "main": [
          [
            {
              "node": "Create respuesta",
              "type": "main",
              "index": 0
            }
          ]
        ]
      },
      "CreateResponse": {
        "main": [
          [
            {
              "node": "Enviar a WhatsApp Bot",
              "type": "main",
              "index": 0
            }
          ]
        ]
      }
    },
    "active": true,
    "settings": {},
    "name": "Responder WhatsApp",
    "tags": []
  }
  